[
	{
		"name":"Shannon Uhl",
		"email":"shannonuhl@gmail.com",
		"address":"Mexico, City, Mexico",
		"phone":"555-555-5555"
	},
	{
		"name":"Katie Idler",
		"email":"katieidler@gmail.com",
		"address":"Cape Coral, Florida",
		"phone":"555-555-5555"
	},
	{
		"name":"Heather Larrow",
		"email":"heather larrow@gmail.com",
		"address":"Denver, Colorado",
		"phone":"555-555-5555"
	},
	{
		"name":"Danny Leek",
		"email":"dannyleek@gmail.com",
		"address":"St. Louis, Missouri",
		"phone":"555-555-5555"
	},
	{
		"name":"Cedric Kuri",
		"email":"cedrickuri@gmail.com",
		"address":"Austin, Texas",
		"phone":"555-555-5555"
	},
	{
		"name":"Carlos Ortiz",
		"email":"carlosortiz@gmail.com",
		"address":"Tulum, Mexico",
		"phone":"555-555-5555"
	}




]